company,name,token_num,token_str,term_str
By Kilian,Angels' Share,0,Cognac,cognac
By Kilian,Angels' Share,1,Cinnamon,cinnamon
By Kilian,Angels' Share,2,Tonka,tonka
By Kilian,Angels' Share,3,Bean,bean
By Kilian,Angels' Share,4,Oak,oak
By Kilian,Angels' Share,5,Praline,praline
By Kilian,Angels' Share,6,Vanilla,vanilla
By Kilian,Angels' Share,7,Sandalwood,sandalwood
Tom Ford,Bitter Peach,0,Peach,peach
Tom Ford,Bitter Peach,1,Blood,blood
Tom Ford,Bitter Peach,2,Orange,orange
Tom Ford,Bitter Peach,3,Cardamom,cardamom
Tom Ford,Bitter Peach,4,Heliotrope,heliotrope
Tom Ford,Bitter Peach,5,Rum,rum
Tom Ford,Bitter Peach,6,Cognac,cognac
Tom Ford,Bitter Peach,7,Davana,davana
Tom Ford,Bitter Peach,8,Jasmine,jasmine
Tom Ford,Bitter Peach,9,Indonesian,indonesian
Tom Ford,Bitter Peach,10,Patchouli,patchouli
Tom Ford,Bitter Peach,11,Leaf,leaf
Tom Ford,Bitter Peach,12,Sandalwood,sandalwood
Tom Ford,Bitter Peach,13,Vanilla,vanilla
Tom Ford,Bitter Peach,14,Tonka,tonka
Tom Ford,Bitter Peach,15,Bean,bean
Tom Ford,Bitter Peach,16,Cashmeran,cashmeran
Tom Ford,Bitter Peach,17,Benzoin,benzoin
Tom Ford,Bitter Peach,18,Labdanum,labdanum
Tom Ford,Bitter Peach,19,Styrax,styrax
Tom Ford,Bitter Peach,20,Vetiver,vetiver
Tom Ford,Black Orchid Parfum,0,Truffle,truffle
Tom Ford,Black Orchid Parfum,1,Plum,plum
Tom Ford,Black Orchid Parfum,2,Ylang,ylang
Tom Ford,Black Orchid Parfum,3,Ylang,ylang
Tom Ford,Black Orchid Parfum,4,Rum,rum
Tom Ford,Black Orchid Parfum,5,Black,black
Tom Ford,Black Orchid Parfum,6,Orchid,orchid
Tom Ford,Black Orchid Parfum,7,Patchouli,patchouli
Chanel,Le Lion de Chanel,0,Lemon,lemon
Chanel,Le Lion de Chanel,1,Bergamot,bergamot
Chanel,Le Lion de Chanel,2,Labdanum,labdanum
Chanel,Le Lion de Chanel,3,Amber,amber
Chanel,Le Lion de Chanel,4,Madagascar,madagascar
Chanel,Le Lion de Chanel,5,Vanilla,vanilla
Chanel,Le Lion de Chanel,6,Patchouli,patchouli
Chanel,Le Lion de Chanel,7,Sandalwood,sandalwood
Chanel,Le Lion de Chanel,8,Musk,musk
Tom Ford,Rose Prick,0,Sichuan,sichuan
Tom Ford,Rose Prick,1,Pepper,pepper
Tom Ford,Rose Prick,2,Turmeric,turmeric
Tom Ford,Rose Prick,3,May,may
Tom Ford,Rose Prick,4,Rose,rose
Tom Ford,Rose Prick,5,Bulgarian,bulgarian
Tom Ford,Rose Prick,6,Rose,rose
Tom Ford,Rose Prick,7,Turkish,turkish
Tom Ford,Rose Prick,8,Rose,rose
Tom Ford,Rose Prick,9,Patchouli,patchouli
Tom Ford,Rose Prick,10,Tonka,tonka
Tom Ford,Rose Prick,11,Bean,bean
Serge Lutens,Arabie,1,Dried,dried
Serge Lutens,Arabie,2,Fruits,fruits
Serge Lutens,Arabie,3,Cloves,cloves
Serge Lutens,Arabie,4,Dates,dates
Serge Lutens,Arabie,5,Nutmeg,nutmeg
Serge Lutens,Arabie,6,Caraway,caraway
Serge Lutens,Arabie,7,Bay,bay
Serge Lutens,Arabie,8,Leaf,leaf
Serge Lutens,Arabie,9,Resin,resin
Serge Lutens,Arabie,10,Siam,siam
Serge Lutens,Arabie,11,Benzoin,benzoin
Serge Lutens,Arabie,12,Myrrh,myrrh
Serge Lutens,Arabie,13,Fig,fig
Serge Lutens,Arabie,14,Sandalwood,sandalwood
Serge Lutens,Arabie,15,Mandarin,mandarin
Serge Lutens,Arabie,16,Orange,orange
Serge Lutens,Arabie,17,Tonka,tonka
Serge Lutens,Arabie,18,Bean,bean
Serge Lutens,Arabie,19,Cedar,cedar
Jo Milano Paris,Levante Intense,0,Grapefruit,grapefruit
Jo Milano Paris,Levante Intense,1,Jasmine,jasmine
Jo Milano Paris,Levante Intense,2,Bay,bay
Jo Milano Paris,Levante Intense,3,Leaf,leaf
Jo Milano Paris,Levante Intense,4,Oakmoss,oakmoss
Jo Milano Paris,Levante Intense,5,Patchouli,patchouli
Rirana Parfume,Oriental Orchid,1,Orchid,orchid
Rirana Parfume,Oriental Orchid,2,White,white
Rirana Parfume,Oriental Orchid,3,Flowers,flowers
Rirana Parfume,Oriental Orchid,4,Chocolate,chocolate
Rirana Parfume,Oriental Orchid,5,Patchouli,patchouli
Rirana Parfume,Oriental Orchid,6,Incense,incense
Tom Ford,Lost Cherry,0,Sour,sour
Tom Ford,Lost Cherry,1,Cherry,cherry
Tom Ford,Lost Cherry,2,Bitter,bitter
Tom Ford,Lost Cherry,3,Almond,almond
Tom Ford,Lost Cherry,4,Liquor,liquor
Tom Ford,Lost Cherry,5,Sour,sour
Tom Ford,Lost Cherry,6,Cherry,cherry
Tom Ford,Lost Cherry,7,Plum,plum
Tom Ford,Lost Cherry,8,Turkish,turkish
Tom Ford,Lost Cherry,9,Rose,rose
Tom Ford,Lost Cherry,10,Jasmine,jasmine
Tom Ford,Lost Cherry,11,Sambac,sambac
Tom Ford,Lost Cherry,12,Tonka,tonka
Tom Ford,Lost Cherry,13,Bean,bean
Tom Ford,Lost Cherry,14,Vanilla,vanilla
Tom Ford,Lost Cherry,15,Peru,peru
Tom Ford,Lost Cherry,16,Balsam,balsam
Tom Ford,Lost Cherry,17,Benzoin,benzoin
Tom Ford,Lost Cherry,18,Cinnamon,cinnamon
Tom Ford,Lost Cherry,19,Sandalwood,sandalwood
Tom Ford,Lost Cherry,20,Cedar,cedar
Tom Ford,Lost Cherry,21,Cloves,cloves
Tom Ford,Lost Cherry,22,Vetiver,vetiver
Tom Ford,Lost Cherry,23,Patchouli,patchouli
Tom Ford,Ombré Leather (2018),0,Cardamom,cardamom
Tom Ford,Ombré Leather (2018),1,Leather,leather
Tom Ford,Ombré Leather (2018),2,Jasmine,jasmine
Tom Ford,Ombré Leather (2018),3,Sambac,sambac
Tom Ford,Ombré Leather (2018),4,Amber,amber
Tom Ford,Ombré Leather (2018),5,Moss,moss
Tom Ford,Ombré Leather (2018),6,Patchouli,patchouli
Initio Parfums Prives,Oud for Greatness,0,Saffron,saffron
Initio Parfums Prives,Oud for Greatness,1,Nutmeg,nutmeg
Initio Parfums Prives,Oud for Greatness,2,Lavender,lavender
Initio Parfums Prives,Oud for Greatness,3,Agarwood,agarwood
Initio Parfums Prives,Oud for Greatness,4,Oud,oud
Initio Parfums Prives,Oud for Greatness,5,Patchouli,patchouli
Initio Parfums Prives,Oud for Greatness,6,Musk,musk
By Kilian,I Don't Need A Prince By My Side To Be A Princess,0,Lemon,lemon
By Kilian,I Don't Need A Prince By My Side To Be A Princess,1,Green,green
By Kilian,I Don't Need A Prince By My Side To Be A Princess,2,Tea,tea
By Kilian,I Don't Need A Prince By My Side To Be A Princess,3,Ginger,ginger
By Kilian,I Don't Need A Prince By My Side To Be A Princess,4,Peach,peach
By Kilian,I Don't Need A Prince By My Side To Be A Princess,5,Hedione,hedione
By Kilian,I Don't Need A Prince By My Side To Be A Princess,6,Jasmine,jasmine
By Kilian,I Don't Need A Prince By My Side To Be A Princess,7,Apple,apple
By Kilian,I Don't Need A Prince By My Side To Be A Princess,8,Marshmallow,marshmallow
By Kilian,I Don't Need A Prince By My Side To Be A Princess,9,Vanilla,vanilla
By Kilian,I Don't Need A Prince By My Side To Be A Princess,10,Benzoin,benzoin
Initio Parfums Prives,Rehab,0,Lavender,lavender
Initio Parfums Prives,Rehab,1,Bergamot,bergamot
Initio Parfums Prives,Rehab,2,Cedar,cedar
Initio Parfums Prives,Rehab,3,Vetiver,vetiver
Initio Parfums Prives,Rehab,4,Patchouli,patchouli
Initio Parfums Prives,Rehab,5,Sandalwood,sandalwood
Initio Parfums Prives,Rehab,6,Guaiac,guaiac
Initio Parfums Prives,Rehab,7,Wood,wood
Initio Parfums Prives,Rehab,8,Musk,musk
Mugler,Wonder Bouquet,0,Shiso,shiso
Mugler,Wonder Bouquet,1,Lily,lily
Mugler,Wonder Bouquet,2,of,of
Mugler,Wonder Bouquet,3,the,the
Mugler,Wonder Bouquet,4,Valley,valley
Mugler,Wonder Bouquet,5,Orange,orange
Mugler,Wonder Bouquet,6,Tangerine,tangerine
Mugler,Wonder Bouquet,7,Petitgrain,petitgrain
Mugler,Wonder Bouquet,8,Brioche,brioche
Mugler,Wonder Bouquet,9,Jasmine,jasmine
Mugler,Wonder Bouquet,10,Sambac,sambac
Mugler,Wonder Bouquet,11,Orange,orange
Mugler,Wonder Bouquet,12,Blossom,blossom
Mugler,Wonder Bouquet,13,Tuberose,tuberose
Mugler,Wonder Bouquet,14,Rose,rose
Mugler,Wonder Bouquet,15,Hazelnut,hazelnut
Mugler,Wonder Bouquet,16,Beeswax,beeswax
Mugler,Wonder Bouquet,17,Vanilla,vanilla
Mugler,Wonder Bouquet,18,Cashmeran,cashmeran
Serge Lutens,Chergui,1,Tobacco,tobacco
Serge Lutens,Chergui,2,Leaf,leaf
Serge Lutens,Chergui,3,Honey,honey
Serge Lutens,Chergui,4,Amber,amber
Serge Lutens,Chergui,5,Hay,hay
Serge Lutens,Chergui,6,Incense,incense
Serge Lutens,Chergui,7,Sandalwood,sandalwood
Serge Lutens,Chergui,8,iris,iris
Serge Lutens,Chergui,9,Musk,musk
Serge Lutens,Chergui,10,Rose,rose
Nishane,Fan Your Flames,0,Coconut,coconut
Nishane,Fan Your Flames,1,Rum,rum
Nishane,Fan Your Flames,2,Tobacco,tobacco
Nishane,Fan Your Flames,3,Tonka,tonka
Nishane,Fan Your Flames,4,Bean,bean
Nishane,Fan Your Flames,5,Chinese,chinese
Nishane,Fan Your Flames,6,Cedar,cedar
Nishane,Fan Your Flames,7,Oakmoss,oakmoss
Nishane,Ani,0,Ginger,ginger
Nishane,Ani,1,Bergamot,bergamot
Nishane,Ani,2,Pink,pink
Nishane,Ani,3,Pepper,pepper
Nishane,Ani,4,Green,green
Nishane,Ani,5,Notes,notes
Nishane,Ani,6,Black,black
Nishane,Ani,7,Currant,currant
Nishane,Ani,8,Cardamom,cardamom
Nishane,Ani,9,Turkish,turkish
Nishane,Ani,10,Rose,rose
Nishane,Ani,11,Vanilla,vanilla
Nishane,Ani,12,Sandalwood,sandalwood
Nishane,Ani,13,Benzoin,benzoin
Nishane,Ani,14,Cedar,cedar
Nishane,Ani,15,Patchouli,patchouli
Nishane,Ani,16,Ambergris,ambergris
Nishane,Ani,17,Musk,musk
Nishane,Karagoz,0,Grapes,grapes
Nishane,Karagoz,1,Pineapple,pineapple
Nishane,Karagoz,2,Herbal,herbal
Nishane,Karagoz,3,Notes,notes
Nishane,Karagoz,4,Patchouli,patchouli
Nishane,Karagoz,5,Neroli,neroli
Nishane,Karagoz,6,Jasmine,jasmine
Nishane,Karagoz,7,Vetiver,vetiver
Nishane,Karagoz,8,Agarwood,agarwood
Nishane,Karagoz,9,Oud,oud
Nishane,Karagoz,10,Amber,amber
Maison Martin Margiela,By the Fireplace,0,Cloves,cloves
Maison Martin Margiela,By the Fireplace,1,Pink,pink
Maison Martin Margiela,By the Fireplace,2,Pepper,pepper
Maison Martin Margiela,By the Fireplace,3,Orange,orange
Maison Martin Margiela,By the Fireplace,4,Blossom,blossom
Maison Martin Margiela,By the Fireplace,5,Chestnut,chestnut
Maison Martin Margiela,By the Fireplace,6,Guaiac,guaiac
Maison Martin Margiela,By the Fireplace,7,Wood,wood
Maison Martin Margiela,By the Fireplace,8,Juniper,juniper
Maison Martin Margiela,By the Fireplace,9,Vanilla,vanilla
Maison Martin Margiela,By the Fireplace,10,Peru,peru
Maison Martin Margiela,By the Fireplace,11,Balsam,balsam
Maison Martin Margiela,By the Fireplace,12,Cashmeran,cashmeran
Nishane,Hacivat,0,Pineapple,pineapple
Nishane,Hacivat,1,Grapefruit,grapefruit
Nishane,Hacivat,2,Bergamot,bergamot
Nishane,Hacivat,3,Cedar,cedar
Nishane,Hacivat,4,Patchouli,patchouli
Nishane,Hacivat,5,Jasmine,jasmine
Nishane,Hacivat,6,Oakmoss,oakmoss
Nishane,Hacivat,7,Woody,woody
Nishane,Hacivat,8,Notes,notes
Mancera,Red Tobacco,0,Cinnamon,cinnamon
Mancera,Red Tobacco,1,Agarwood,agarwood
Mancera,Red Tobacco,2,Oud,oud
Mancera,Red Tobacco,3,Saffron,saffron
Mancera,Red Tobacco,4,Incense,incense
Mancera,Red Tobacco,5,Nutmeg,nutmeg
Mancera,Red Tobacco,6,Green,green
Mancera,Red Tobacco,7,Apple,apple
Mancera,Red Tobacco,8,White,white
Mancera,Red Tobacco,9,Pear,pear
Mancera,Red Tobacco,10,Patchouli,patchouli
Mancera,Red Tobacco,11,Jasmine,jasmine
Mancera,Red Tobacco,12,Tobacco,tobacco
Mancera,Red Tobacco,13,Madagascar,madagascar
Mancera,Red Tobacco,14,Vanilla,vanilla
Mancera,Red Tobacco,15,Amber,amber
Mancera,Red Tobacco,16,Sandalwood,sandalwood
Mancera,Red Tobacco,17,Guaiac,guaiac
Mancera,Red Tobacco,18,Wood,wood
Mancera,Red Tobacco,19,White,white
Mancera,Red Tobacco,20,Musk,musk
Mancera,Red Tobacco,21,Haitian,haitian
Mancera,Red Tobacco,22,Vetiver,vetiver
Maison Francis Kurkdjian,Baccarat Rouge 540 Extrait de Parfum,0,Bitter,bitter
Maison Francis Kurkdjian,Baccarat Rouge 540 Extrait de Parfum,1,Almond,almond
Maison Francis Kurkdjian,Baccarat Rouge 540 Extrait de Parfum,2,Saffron,saffron
Maison Francis Kurkdjian,Baccarat Rouge 540 Extrait de Parfum,3,Egyptian,egyptian
Maison Francis Kurkdjian,Baccarat Rouge 540 Extrait de Parfum,4,Jasmine,jasmine
Maison Francis Kurkdjian,Baccarat Rouge 540 Extrait de Parfum,5,Cedar,cedar
Maison Francis Kurkdjian,Baccarat Rouge 540 Extrait de Parfum,6,Ambergris,ambergris
Maison Francis Kurkdjian,Baccarat Rouge 540 Extrait de Parfum,7,Musk,musk
Maison Francis Kurkdjian,Baccarat Rouge 540 Extrait de Parfum,8,Woody,woody
Maison Francis Kurkdjian,Baccarat Rouge 540 Extrait de Parfum,9,Notes,notes
By Kilian,Black Phantom,1,Dark,dark
By Kilian,Black Phantom,2,Chocolate,chocolate
By Kilian,Black Phantom,3,Rum,rum
By Kilian,Black Phantom,4,Caramel,caramel
By Kilian,Black Phantom,5,Coffee,coffee
By Kilian,Black Phantom,6,Sugar,sugar
By Kilian,Black Phantom,7,Cane,cane
By Kilian,Black Phantom,8,Almond,almond
By Kilian,Black Phantom,9,Sandalwood,sandalwood
By Kilian,Black Phantom,10,Heliotrope,heliotrope
Tom Ford,Fucking Fabulous,0,Clary,clary
Tom Ford,Fucking Fabulous,1,Sage,sage
Tom Ford,Fucking Fabulous,2,Lavender,lavender
Tom Ford,Fucking Fabulous,3,Bitter,bitter
Tom Ford,Fucking Fabulous,4,Almond,almond
Tom Ford,Fucking Fabulous,5,Leather,leather
Tom Ford,Fucking Fabulous,6,Vanilla,vanilla
Tom Ford,Fucking Fabulous,7,Orris,orris
Tom Ford,Fucking Fabulous,8,Leather,leather
Tom Ford,Fucking Fabulous,9,Tonka,tonka
Tom Ford,Fucking Fabulous,10,Bean,bean
Tom Ford,Fucking Fabulous,11,Cashmeran,cashmeran
Tom Ford,Fucking Fabulous,12,White,white
Tom Ford,Fucking Fabulous,13,Woods,woods
Tom Ford,Fucking Fabulous,14,Amber,amber
Initio Parfums Prives,Psychedelic Love,0,Ylang,ylang
Initio Parfums Prives,Psychedelic Love,1,Ylang,ylang
Initio Parfums Prives,Psychedelic Love,2,Bergamot,bergamot
Initio Parfums Prives,Psychedelic Love,3,Heliotrope,heliotrope
Initio Parfums Prives,Psychedelic Love,4,Hedione,hedione
Initio Parfums Prives,Psychedelic Love,5,Bulgarian,bulgarian
Initio Parfums Prives,Psychedelic Love,6,Rose,rose
Initio Parfums Prives,Psychedelic Love,7,Myrrh,myrrh
Initio Parfums Prives,Psychedelic Love,8,Sandalwood,sandalwood
Tom Ford,Vanille Fatale,0,Myrrh,myrrh
Tom Ford,Vanille Fatale,1,Rum,rum
Tom Ford,Vanille Fatale,2,Olibanum,olibanum
Tom Ford,Vanille Fatale,3,Coriander,coriander
Tom Ford,Vanille Fatale,4,Saffron,saffron
Tom Ford,Vanille Fatale,5,Orange,orange
Tom Ford,Vanille Fatale,6,Lime,lime
Tom Ford,Vanille Fatale,7,Barley,barley
Tom Ford,Vanille Fatale,8,Coffee,coffee
Tom Ford,Vanille Fatale,9,Frangipani,frangipani
Tom Ford,Vanille Fatale,10,Plum,plum
Tom Ford,Vanille Fatale,11,Narcissus,narcissus
Tom Ford,Vanille Fatale,12,Rose,rose
Tom Ford,Vanille Fatale,13,Artemisia,artemisia
Tom Ford,Vanille Fatale,14,Madagascar,madagascar
Tom Ford,Vanille Fatale,15,Vanilla,vanilla
Tom Ford,Vanille Fatale,16,Suede,suede
Tom Ford,Vanille Fatale,17,Mahogany,mahogany
Tom Ford,Vanille Fatale,18,Tobacco,tobacco
Tom Ford,Vanille Fatale,19,Patchouli,patchouli
Tom Ford,Vanille Fatale,20,Oakmoss,oakmoss
Tom Ford,Vanille Fatale,21,Violet,violet
Al-Rehab,Zahrat Hawai,1,Pineapple,pineapple
Al-Rehab,Zahrat Hawai,2,Piña,piña
Al-Rehab,Zahrat Hawai,3,Colada,colada
Al-Rehab,Zahrat Hawai,4,Citruses,citruses
Al-Rehab,Zahrat Hawai,5,Big,big
Al-Rehab,Zahrat Hawai,6,Strawberry,strawberry
Al-Rehab,Zahrat Hawai,7,Coconut,coconut
Al-Rehab,Zahrat Hawai,8,Exotic,exotic
Al-Rehab,Zahrat Hawai,9,floral,floral
Al-Rehab,Zahrat Hawai,10,notes,notes
Al-Rehab,Zahrat Hawai,11,Caramel,caramel
Al-Rehab,Zahrat Hawai,12,Woody,woody
Al-Rehab,Zahrat Hawai,13,Notes,notes
Maison Martin Margiela,Whispers in the Library,1,Vanilla,vanilla
Maison Martin Margiela,Whispers in the Library,2,Woody,woody
Maison Martin Margiela,Whispers in the Library,3,Notes,notes
Maison Martin Margiela,Whispers in the Library,4,Pepper,pepper
Maison Martin Margiela,Whispers in the Library,5,Cedar,cedar
Tom Ford,Soleil Blanc,0,Pistachio,pistachio
Tom Ford,Soleil Blanc,1,Bergamot,bergamot
Tom Ford,Soleil Blanc,2,Cardamom,cardamom
Tom Ford,Soleil Blanc,3,Pink,pink
Tom Ford,Soleil Blanc,4,Pepper,pepper
Tom Ford,Soleil Blanc,5,Tuberose,tuberose
Tom Ford,Soleil Blanc,6,Ylang,ylang
Tom Ford,Soleil Blanc,7,Ylang,ylang
Tom Ford,Soleil Blanc,8,Jasmine,jasmine
Tom Ford,Soleil Blanc,9,Coconut,coconut
Tom Ford,Soleil Blanc,10,Amber,amber
Tom Ford,Soleil Blanc,11,Tonka,tonka
Tom Ford,Soleil Blanc,12,Bean,bean
Tom Ford,Soleil Blanc,13,Benzoin,benzoin
Gucci,Mémoire d’une Odeur,0,Chamomile,chamomile
Gucci,Mémoire d’une Odeur,1,Bitter,bitter
Gucci,Mémoire d’une Odeur,2,Almond,almond
Gucci,Mémoire d’une Odeur,3,Musk,musk
Gucci,Mémoire d’une Odeur,4,Indian,indian
Gucci,Mémoire d’une Odeur,5,Jasmine,jasmine
Gucci,Mémoire d’une Odeur,6,Jasmine,jasmine
Gucci,Mémoire d’une Odeur,7,Sandalwood,sandalwood
Gucci,Mémoire d’une Odeur,8,Cedar,cedar
Gucci,Mémoire d’une Odeur,9,Vanilla,vanilla
Mancera,Instant Crush,0,Saffron,saffron
Mancera,Instant Crush,1,Ginger,ginger
Mancera,Instant Crush,2,Sicilian,sicilian
Mancera,Instant Crush,3,Mandarin,mandarin
Mancera,Instant Crush,4,Sicilian,sicilian
Mancera,Instant Crush,5,Bergamot,bergamot
Mancera,Instant Crush,6,Amberwood,amberwood
Mancera,Instant Crush,7,Moroccan,moroccan
Mancera,Instant Crush,8,Rose,rose
Mancera,Instant Crush,9,Egyptian,egyptian
Mancera,Instant Crush,10,Jasmine,jasmine
Mancera,Instant Crush,11,Indonesian,indonesian
Mancera,Instant Crush,12,Patchouli,patchouli
Mancera,Instant Crush,13,Leaf,leaf
Mancera,Instant Crush,14,Madagascar,madagascar
Mancera,Instant Crush,15,Vanilla,vanilla
Mancera,Instant Crush,16,Sandalwood,sandalwood
Mancera,Instant Crush,17,White,white
Mancera,Instant Crush,18,Musk,musk
Mancera,Instant Crush,19,Oakmoss,oakmoss
Montale,Intense Cafe,0,Floral,floral
Montale,Intense Cafe,1,Notes,notes
Montale,Intense Cafe,2,Rose,rose
Montale,Intense Cafe,3,Coffee,coffee
Montale,Intense Cafe,4,Vanila,vanila
Montale,Intense Cafe,5,White,white
Montale,Intense Cafe,6,Musk,musk
Montale,Intense Cafe,7,Amber,amber
Parfums de Marly,Oajan,0,Cinnamon,cinnamon
Parfums de Marly,Oajan,1,Honey,honey
Parfums de Marly,Oajan,2,Osmanthus,osmanthus
Parfums de Marly,Oajan,3,Benzoin,benzoin
Parfums de Marly,Oajan,4,Ambergris,ambergris
Parfums de Marly,Oajan,5,Labdanum,labdanum
Parfums de Marly,Oajan,6,Artemisia,artemisia
Parfums de Marly,Oajan,7,Tonka,tonka
Parfums de Marly,Oajan,8,Bean,bean
Parfums de Marly,Oajan,9,Vanila,vanila
Parfums de Marly,Oajan,10,Patchouli,patchouli
Parfums de Marly,Oajan,11,Musk,musk
Tom Ford,Tobacco Oud,0,Whiskey,whiskey
Tom Ford,Tobacco Oud,1,Spicy,spicy
Tom Ford,Tobacco Oud,2,Notes,notes
Tom Ford,Tobacco Oud,3,Cinnamon,cinnamon
Tom Ford,Tobacco Oud,4,Coriander,coriander
Tom Ford,Tobacco Oud,5,Tobacco,tobacco
Tom Ford,Tobacco Oud,6,Agarwood,agarwood
Tom Ford,Tobacco Oud,7,Oud,oud
Tom Ford,Tobacco Oud,8,Sandalwood,sandalwood
Tom Ford,Tobacco Oud,9,Patchouli,patchouli
Tom Ford,Tobacco Oud,10,Incense,incense
Tom Ford,Tobacco Oud,11,Benzoin,benzoin
Tom Ford,Tobacco Oud,12,Vanilla,vanilla
Tom Ford,Tobacco Oud,13,Cedar,cedar
Serge Lutens,La Fille de Berlin,0,Rose,rose
Serge Lutens,La Fille de Berlin,1,Geranium,geranium
Serge Lutens,La Fille de Berlin,2,Palmarosa,palmarosa
Serge Lutens,La Fille de Berlin,3,Honey,honey
Serge Lutens,La Fille de Berlin,4,Moss,moss
Serge Lutens,La Fille de Berlin,5,Patchouli,patchouli
Maison Martin Margiela,Lazy Sunday Morning,0,Aldehydes,aldehydes
Maison Martin Margiela,Lazy Sunday Morning,1,Lily,lily
Maison Martin Margiela,Lazy Sunday Morning,2,of,of
Maison Martin Margiela,Lazy Sunday Morning,3,the,the
Maison Martin Margiela,Lazy Sunday Morning,4,Valley,valley
Maison Martin Margiela,Lazy Sunday Morning,5,Pear,pear
Maison Martin Margiela,Lazy Sunday Morning,6,Rose,rose
Maison Martin Margiela,Lazy Sunday Morning,7,iris,iris
Maison Martin Margiela,Lazy Sunday Morning,8,Orange,orange
Maison Martin Margiela,Lazy Sunday Morning,9,Blossom,blossom
Maison Martin Margiela,Lazy Sunday Morning,10,White,white
Maison Martin Margiela,Lazy Sunday Morning,11,Musk,musk
Maison Martin Margiela,Lazy Sunday Morning,12,Ambrette,ambrette
Maison Martin Margiela,Lazy Sunday Morning,13,Musk,musk
Maison Martin Margiela,Lazy Sunday Morning,14,Mallow,mallow
Maison Martin Margiela,Lazy Sunday Morning,15,Indonesian,indonesian
Maison Martin Margiela,Lazy Sunday Morning,16,Patchouli,patchouli
Maison Martin Margiela,Lazy Sunday Morning,17,Leaf,leaf
Histoires de Parfums,1899 Hemingway,0,Juniper,juniper
Histoires de Parfums,1899 Hemingway,1,Black,black
Histoires de Parfums,1899 Hemingway,2,Pepper,pepper
Histoires de Parfums,1899 Hemingway,3,Bergamot,bergamot
Histoires de Parfums,1899 Hemingway,4,Cinnamon,cinnamon
Histoires de Parfums,1899 Hemingway,5,iris,iris
Histoires de Parfums,1899 Hemingway,6,Orange,orange
Histoires de Parfums,1899 Hemingway,7,Blossom,blossom
Histoires de Parfums,1899 Hemingway,8,Vanilla,vanilla
Histoires de Parfums,1899 Hemingway,9,Amber,amber
Histoires de Parfums,1899 Hemingway,10,Vetiver,vetiver
Maison Francis Kurkdjian,Baccarat Rouge 540,0,Saffron,saffron
Maison Francis Kurkdjian,Baccarat Rouge 540,1,Jasmine,jasmine
Maison Francis Kurkdjian,Baccarat Rouge 540,2,Amberwood,amberwood
Maison Francis Kurkdjian,Baccarat Rouge 540,3,Ambergris,ambergris
Maison Francis Kurkdjian,Baccarat Rouge 540,4,Fir,fir
Maison Francis Kurkdjian,Baccarat Rouge 540,5,Resin,resin
Maison Francis Kurkdjian,Baccarat Rouge 540,6,Cedar,cedar
Maison Francis Kurkdjian,Oud Satin Mood,1,Bulgarian,bulgarian
Maison Francis Kurkdjian,Oud Satin Mood,2,Rose,rose
Maison Francis Kurkdjian,Oud Satin Mood,3,Turkish,turkish
Maison Francis Kurkdjian,Oud Satin Mood,4,Rose,rose
Maison Francis Kurkdjian,Oud Satin Mood,5,Vanilla,vanilla
Maison Francis Kurkdjian,Oud Satin Mood,6,Agarwood,agarwood
Maison Francis Kurkdjian,Oud Satin Mood,7,Oud,oud
Maison Francis Kurkdjian,Oud Satin Mood,8,Benzoin,benzoin
Maison Francis Kurkdjian,Oud Satin Mood,9,Violet,violet
Xerjoff,XJ 1861 Naxos,0,Lavender,lavender
Xerjoff,XJ 1861 Naxos,1,Bergamot,bergamot
Xerjoff,XJ 1861 Naxos,2,Lemon,lemon
Xerjoff,XJ 1861 Naxos,3,Honey,honey
Xerjoff,XJ 1861 Naxos,4,Cinnamon,cinnamon
Xerjoff,XJ 1861 Naxos,5,Cashmeran,cashmeran
Xerjoff,XJ 1861 Naxos,6,Jasmine,jasmine
Xerjoff,XJ 1861 Naxos,7,Sambac,sambac
Xerjoff,XJ 1861 Naxos,8,Tobacco,tobacco
Xerjoff,XJ 1861 Naxos,9,Leaf,leaf
Xerjoff,XJ 1861 Naxos,10,Tonka,tonka
Xerjoff,XJ 1861 Naxos,11,Bean,bean
Xerjoff,XJ 1861 Naxos,12,Vanilla,vanilla
Parfums de Marly,Carlisle,0,Green,green
Parfums de Marly,Carlisle,1,Apple,apple
Parfums de Marly,Carlisle,2,Nutmeg,nutmeg
Parfums de Marly,Carlisle,3,Tonka,tonka
Parfums de Marly,Carlisle,4,Bean,bean
Parfums de Marly,Carlisle,5,Rose,rose
Parfums de Marly,Carlisle,6,Patchouli,patchouli
Parfums de Marly,Carlisle,7,Vanilla,vanilla
Tiziana Terenzi,Kirke,0,Passionfruit,passionfruit
Tiziana Terenzi,Kirke,1,Peach,peach
Tiziana Terenzi,Kirke,2,Pear,pear
Tiziana Terenzi,Kirke,3,Raspberry,raspberry
Tiziana Terenzi,Kirke,4,Cassis,cassis
Tiziana Terenzi,Kirke,5,Sand,sand
Tiziana Terenzi,Kirke,6,Lily,lily
Tiziana Terenzi,Kirke,7,of,of
Tiziana Terenzi,Kirke,8,the,the
Tiziana Terenzi,Kirke,9,Valley,valley
Tiziana Terenzi,Kirke,10,Musk,musk
Tiziana Terenzi,Kirke,11,Vanilla,vanilla
Tiziana Terenzi,Kirke,12,Sandalwood,sandalwood
Tiziana Terenzi,Kirke,13,Patchouli,patchouli
Tiziana Terenzi,Kirke,14,Heliotrope,heliotrope
Christian Dior,Fève Délicieuse,0,Lavender,lavender
Christian Dior,Fève Délicieuse,1,Mint,mint
Christian Dior,Fève Délicieuse,2,Bergamot,bergamot
Christian Dior,Fève Délicieuse,3,Sour,sour
Christian Dior,Fève Délicieuse,4,Cherry,cherry
Christian Dior,Fève Délicieuse,5,Jasmine,jasmine
Christian Dior,Fève Délicieuse,6,Freesia,freesia
Christian Dior,Fève Délicieuse,7,Tonka,tonka
Christian Dior,Fève Délicieuse,8,Bean,bean
Christian Dior,Fève Délicieuse,9,Vanilla,vanilla
Christian Dior,Fève Délicieuse,10,Cacao,cacao
Christian Dior,Fève Délicieuse,11,Pod,pod
Christian Dior,Fève Délicieuse,12,Caramel,caramel
Christian Dior,Fève Délicieuse,13,Praline,praline
Christian Dior,Fève Délicieuse,14,Benzoin,benzoin
Christian Dior,Fève Délicieuse,15,Milk,milk
Christian Dior,Fève Délicieuse,16,Sandalwood,sandalwood
Christian Dior,Fève Délicieuse,17,Leather,leather
Christian Dior,Fève Délicieuse,18,Cedar,cedar
Hermès,Le Jardin de Monsieur Li,1,Kumquat,kumquat
Hermès,Le Jardin de Monsieur Li,2,Jasmine,jasmine
Hermès,Le Jardin de Monsieur Li,3,Mint,mint
Hermès,Le Jardin de Monsieur Li,4,Green,green
Hermès,Le Jardin de Monsieur Li,5,Sap,sap
Memo Paris,African Leather,1,Cardamom,cardamom
Memo Paris,African Leather,2,Leather,leather
Memo Paris,African Leather,3,Saffron,saffron
Memo Paris,African Leather,4,Cumin,cumin
Memo Paris,African Leather,5,Vetiver,vetiver
Memo Paris,African Leather,6,Patchouli,patchouli
Memo Paris,African Leather,7,Geranium,geranium
Memo Paris,African Leather,8,Agarwood,agarwood
Memo Paris,African Leather,9,Oud,oud
Memo Paris,African Leather,10,Bergamot,bergamot
Memo Paris,African Leather,11,Musk,musk
Areej Le Doré,Plumeria de Orris,0,Frangipani,frangipani
Areej Le Doré,Plumeria de Orris,1,Apricot,apricot
Areej Le Doré,Plumeria de Orris,2,Orris,orris
Areej Le Doré,Plumeria de Orris,3,Root,root
Areej Le Doré,Plumeria de Orris,4,Synthetic,synthetic
Areej Le Doré,Plumeria de Orris,5,Civet,civet
Areej Le Doré,Plumeria de Orris,6,Sandalwood,sandalwood
Areej Le Doré,Plumeria de Orris,7,Vanilla,vanilla
Areej Le Doré,Plumeria de Orris,8,Myrrh,myrrh
Areej Le Doré,Plumeria de Orris,9,Vetiver,vetiver
Areej Le Doré,Plumeria de Orris,10,Cedar,cedar
By Kilian,Love and Tears,0,Petitgrain,petitgrain
By Kilian,Love and Tears,1,Bergamot,bergamot
By Kilian,Love and Tears,2,Galbanum,galbanum
By Kilian,Love and Tears,3,Lavender,lavender
By Kilian,Love and Tears,4,Jasmine,jasmine
By Kilian,Love and Tears,5,Water,water
By Kilian,Love and Tears,6,Jasmine,jasmine
By Kilian,Love and Tears,7,Lily,lily
By Kilian,Love and Tears,8,of,of
By Kilian,Love and Tears,9,the,the
By Kilian,Love and Tears,10,Valley,valley
By Kilian,Love and Tears,11,Narcissus,narcissus
By Kilian,Love and Tears,12,Orange,orange
By Kilian,Love and Tears,13,Blossom,blossom
By Kilian,Love and Tears,14,Ylang,ylang
By Kilian,Love and Tears,15,Ylang,ylang
By Kilian,Love and Tears,16,Oakmoss,oakmoss
By Kilian,Love and Tears,17,Cedar,cedar
By Kilian,Love and Tears,18,Styrax,styrax
Parfums Vintage,Emperor Extrait,0,Pineapple,pineapple
Parfums Vintage,Emperor Extrait,1,Juniper,juniper
Parfums Vintage,Emperor Extrait,2,Berries,berries
Parfums Vintage,Emperor Extrait,3,Apple,apple
Parfums Vintage,Emperor Extrait,4,Bergamot,bergamot
Parfums Vintage,Emperor Extrait,5,Jasmine,jasmine
Parfums Vintage,Emperor Extrait,6,Rose,rose
Parfums Vintage,Emperor Extrait,7,Birch,birch
Parfums Vintage,Emperor Extrait,8,Musk,musk
Parfums Vintage,Emperor Extrait,9,Ambergris,ambergris
Parfums Vintage,Emperor Extrait,10,Patchouli,patchouli
Parfums Vintage,Emperor Extrait,11,Vanilla,vanilla
Maison Martin Margiela,Flying,0,Orange,orange
Maison Martin Margiela,Flying,1,Blossom,blossom
Maison Martin Margiela,Flying,2,Bergamot,bergamot
Maison Martin Margiela,Flying,3,Petitgrain,petitgrain
Maison Martin Margiela,Flying,4,Neroli,neroli
Maison Martin Margiela,Flying,5,Essence,essence
Maison Martin Margiela,Flying,6,Almond,almond
Maison Martin Margiela,Flying,7,Blossom,blossom
Maison Martin Margiela,Flying,8,Ylang,ylang
Maison Martin Margiela,Flying,9,Ylang,ylang
Maison Martin Margiela,Flying,10,Ozonic,ozonic
Maison Martin Margiela,Flying,11,notes,notes
Maison Martin Margiela,Flying,12,Musk,musk
Maison Martin Margiela,Flying,13,Moss,moss
Parfums de Marly,Layton,0,Apple,apple
Parfums de Marly,Layton,1,Lavender,lavender
Parfums de Marly,Layton,2,Mandarin,mandarin
Parfums de Marly,Layton,3,Orange,orange
Parfums de Marly,Layton,4,Bergamot,bergamot
Parfums de Marly,Layton,5,Geranium,geranium
Parfums de Marly,Layton,6,Violet,violet
Parfums de Marly,Layton,7,Jasmine,jasmine
Parfums de Marly,Layton,8,Vanilla,vanilla
Parfums de Marly,Layton,9,Cardamom,cardamom
Parfums de Marly,Layton,10,Sandalwood,sandalwood
Parfums de Marly,Layton,11,Pepper,pepper
Parfums de Marly,Layton,12,Patchouli,patchouli
Parfums de Marly,Layton,13,Guaiac,guaiac
Parfums de Marly,Layton,14,Wood,wood
Maison Francis Kurkdjian,Grand Soir,1,Amber,amber
Maison Francis Kurkdjian,Grand Soir,2,Siam,siam
Maison Francis Kurkdjian,Grand Soir,3,Benzoin,benzoin
Maison Francis Kurkdjian,Grand Soir,4,Vanilla,vanilla
Maison Francis Kurkdjian,Grand Soir,5,Tonka,tonka
Maison Francis Kurkdjian,Grand Soir,6,Bean,bean
Maison Francis Kurkdjian,Grand Soir,7,Spanish,spanish
Maison Francis Kurkdjian,Grand Soir,8,Labdanum,labdanum
Guerlain,Eau de Fleurs de Cedrat,1,Lemon,lemon
Guerlain,Eau de Fleurs de Cedrat,2,Bergamot,bergamot
Guerlain,Eau de Fleurs de Cedrat,3,Citron,citron
Mont St Michel,Eau de Cologne L'Originale,1,Bergamot,bergamot
Mont St Michel,Eau de Cologne L'Originale,2,Bitter,bitter
Mont St Michel,Eau de Cologne L'Originale,3,Orange,orange
Mont St Michel,Eau de Cologne L'Originale,4,Rose,rose
Mont St Michel,Eau de Cologne L'Originale,5,Jasmine,jasmine
Mont St Michel,Eau de Cologne L'Originale,6,Sandalwood,sandalwood
Mont St Michel,Eau de Cologne L'Originale,7,Amber,amber
Jardin de France,Eau irisee,0,Cypress,cypress
Jardin de France,Eau irisee,1,Pine,pine
Jardin de France,Eau irisee,2,Tree,tree
Jardin de France,Eau irisee,3,Jasmine,jasmine
Jardin de France,Eau irisee,4,Sea,sea
Jardin de France,Eau irisee,5,water,water
Jardin de France,Eau irisee,6,Woodsy,woodsy
Jardin de France,Eau irisee,7,Notes,notes
Jardin de France,Eau irisee,8,Amber,amber
Jardin de France,Eau irisee,9,Musk,musk
Jardin de France,Eau irisee,10,Sand,sand
Jardin de France,Eau epicee,0,Ginger,ginger
Jardin de France,Eau epicee,1,Orange,orange
Jardin de France,Eau epicee,2,Amalfi,amalfi
Jardin de France,Eau epicee,3,Lemon,lemon
Jardin de France,Eau epicee,4,Star,star
Jardin de France,Eau epicee,5,Anise,anise
Jardin de France,Eau epicee,6,Nutmeg,nutmeg
Jardin de France,Eau epicee,7,Cardamom,cardamom
Jardin de France,Eau epicee,8,Jasmine,jasmine
Jardin de France,Eau epicee,9,Musk,musk
Jardin de France,Eau epicee,10,Vanilla,vanilla
Mury Paris,Lavande,1,Lavender,lavender
Mury Paris,Cuir de Russie,1,Leather,leather
L.T. Piver,Safranor,1,Saffron,saffron
L.T. Piver,Safranor,2,Spicy,spicy
L.T. Piver,Safranor,3,Notes,notes
Caron,Bain de Champagne (Royal Bain de Caron),0,Lilac,lilac
Caron,Bain de Champagne (Royal Bain de Caron),1,Rose,rose
Caron,Bain de Champagne (Royal Bain de Caron),2,Opoponax,opoponax
Caron,Bain de Champagne (Royal Bain de Caron),3,Benzoin,benzoin
Caron,Bain de Champagne (Royal Bain de Caron),4,Incense,incense
Caron,Bain de Champagne (Royal Bain de Caron),5,Vanilla,vanilla
Caron,Bain de Champagne (Royal Bain de Caron),6,Amber,amber
Caron,Bain de Champagne (Royal Bain de Caron),7,Sandalwood,sandalwood
Caron,Bain de Champagne (Royal Bain de Caron),8,Musk,musk
Caron,Bain de Champagne (Royal Bain de Caron),9,Cedar,cedar
Chanel,Cuir de Russie Parfum,1,Aldehydes,aldehydes
Chanel,Cuir de Russie Parfum,2,Russian,russian
Chanel,Cuir de Russie Parfum,3,Leather,leather
Chanel,Cuir de Russie Parfum,4,Tobacco,tobacco
Chanel,Cuir de Russie Parfum,5,Ylang,ylang
Chanel,Cuir de Russie Parfum,6,Ylang,ylang
Chanel,Cuir de Russie Parfum,7,Jasmine,jasmine
Chanel,Cuir de Russie Parfum,8,Rose,rose
Chanel,Cuir de Russie Parfum,9,Vanilla,vanilla
Krigler,Blue Escapade 24,1,Fig,fig
Krigler,Blue Escapade 24,2,Vetiver,vetiver
Krigler,Blue Escapade 24,3,Grapefruit,grapefruit
Krigler,Blue Escapade 24,4,Pepper,pepper
Krigler,Blue Escapade 24,5,Cedar,cedar
Krigler,Blue Escapade 24,6,Orange,orange
Krigler,Blue Escapade 24,7,Ylang,ylang
Krigler,Blue Escapade 24,8,Ylang,ylang
Serge Lutens,Un Bois Vanille,1,Vanila,vanila
Serge Lutens,Un Bois Vanille,2,Coconut,coconut
Serge Lutens,Un Bois Vanille,3,Milk,milk
Serge Lutens,Un Bois Vanille,4,Black,black
Serge Lutens,Un Bois Vanille,5,Licorice,licorice
Serge Lutens,Un Bois Vanille,6,Beeswax,beeswax
Serge Lutens,Un Bois Vanille,7,Sandalwood,sandalwood
Serge Lutens,Un Bois Vanille,8,Tonka,tonka
Serge Lutens,Un Bois Vanille,9,Bean,bean
Serge Lutens,Un Bois Vanille,10,Bitter,bitter
Serge Lutens,Un Bois Vanille,11,Almond,almond
Serge Lutens,Un Bois Vanille,12,Guaiac,guaiac
Serge Lutens,Un Bois Vanille,13,Wood,wood
Serge Lutens,Un Bois Vanille,14,Benzoin,benzoin
Serge Lutens,Un Bois Vanille,15,Musk,musk
Hermès,Hermessence Ambre Narguile,1,Cinnamon,cinnamon
Hermès,Hermessence Ambre Narguile,2,Honey,honey
Hermès,Hermessence Ambre Narguile,3,Rum,rum
Hermès,Hermessence Ambre Narguile,4,Caramel,caramel
Hermès,Hermessence Ambre Narguile,5,Tonka,tonka
Hermès,Hermessence Ambre Narguile,6,Bean,bean
Hermès,Hermessence Ambre Narguile,7,Vanilla,vanilla
Hermès,Hermessence Ambre Narguile,8,Benzoin,benzoin
Hermès,Hermessence Ambre Narguile,9,Coumarin,coumarin
Hermès,Hermessence Ambre Narguile,10,Labdanum,labdanum
Hermès,Hermessence Ambre Narguile,11,Sesame,sesame
Hermès,Hermessence Ambre Narguile,12,White,white
Hermès,Hermessence Ambre Narguile,13,Orchid,orchid
Hermès,Hermessence Ambre Narguile,14,Tobacco,tobacco
Hermès,Hermessence Ambre Narguile,15,Musk,musk
L'Artisan Parfumeur,Timbuktu,0,Mango,mango
L'Artisan Parfumeur,Timbuktu,1,Pink,pink
L'Artisan Parfumeur,Timbuktu,2,Pepper,pepper
L'Artisan Parfumeur,Timbuktu,3,Cardamom,cardamom
L'Artisan Parfumeur,Timbuktu,4,Incense,incense
L'Artisan Parfumeur,Timbuktu,5,Papyrus,papyrus
L'Artisan Parfumeur,Timbuktu,6,Karo,karo
L'Artisan Parfumeur,Timbuktu,7,Karounde,karounde
L'Artisan Parfumeur,Timbuktu,8,Vetiver,vetiver
L'Artisan Parfumeur,Timbuktu,9,Myrhh,myrhh
L'Artisan Parfumeur,Timbuktu,10,Patchouli,patchouli
L'Artisan Parfumeur,Timbuktu,11,Benzoin,benzoin
Creed,Original Vetiver,0,Bergamot,bergamot
Creed,Original Vetiver,1,Ginger,ginger
Creed,Original Vetiver,2,Mandarin,mandarin
Creed,Original Vetiver,3,Orange,orange
Creed,Original Vetiver,4,Haitian,haitian
Creed,Original Vetiver,5,Vetiver,vetiver
Creed,Original Vetiver,6,Sandalwood,sandalwood
Creed,Original Vetiver,7,iris,iris
Creed,Original Vetiver,8,Musk,musk
Creed,Original Vetiver,9,Ambergris,ambergris
Christian Dior,Bois d'Argent,0,iris,iris
Christian Dior,Bois d'Argent,1,Cypress,cypress
Christian Dior,Bois d'Argent,2,Juniper,juniper
Christian Dior,Bois d'Argent,3,Berries,berries
Christian Dior,Bois d'Argent,4,Myrhh,myrhh
Christian Dior,Bois d'Argent,5,Patchouli,patchouli
Christian Dior,Bois d'Argent,6,Woodsy,woodsy
Christian Dior,Bois d'Argent,7,Notes,notes
Christian Dior,Bois d'Argent,8,Honey,honey
Christian Dior,Bois d'Argent,9,Vanilla,vanilla
Christian Dior,Bois d'Argent,10,resins,resins
Christian Dior,Bois d'Argent,11,Amber,amber
Christian Dior,Bois d'Argent,12,Musk,musk
Christian Dior,Bois d'Argent,13,Leather,leather
Hermès,Hermessence Vetiver Tonka,1,vetyver,vetyver
Hermès,Hermessence Vetiver Tonka,2,Tonka,tonka
Hermès,Hermessence Vetiver Tonka,3,Bean,bean
Hermès,Hermessence Vetiver Tonka,4,Hazelnut,hazelnut
Hermès,Hermessence Vetiver Tonka,5,Tobacco,tobacco
Hermès,Hermessence Vetiver Tonka,6,Praline,praline
Hermès,Hermessence Vetiver Tonka,7,Caramel,caramel
Hermès,Hermessence Vetiver Tonka,8,Sandalwood,sandalwood
Hermès,Hermessence Vetiver Tonka,9,Lily,lily
Hermès,Hermessence Vetiver Tonka,10,of,of
Hermès,Hermessence Vetiver Tonka,11,the,the
Hermès,Hermessence Vetiver Tonka,12,Valley,valley
Kiehl's,Original Musk,0,Orange,orange
Kiehl's,Original Musk,1,Blossom,blossom
Kiehl's,Original Musk,2,Bergamot,bergamot
Kiehl's,Original Musk,3,Ylang,ylang
Kiehl's,Original Musk,4,Ylang,ylang
Kiehl's,Original Musk,5,Lily,lily
Kiehl's,Original Musk,6,Neroli,neroli
Kiehl's,Original Musk,7,Rose,rose
Kiehl's,Original Musk,8,Musk,musk
Kiehl's,Original Musk,9,Tonka,tonka
Kiehl's,Original Musk,10,Bean,bean
Kiehl's,Original Musk,11,Patchouli,patchouli
Serge Lutens,Daim Blond,1,Suede,suede
Serge Lutens,Daim Blond,2,Apricot,apricot
Serge Lutens,Daim Blond,3,iris,iris
Serge Lutens,Daim Blond,4,Musk,musk
Serge Lutens,Daim Blond,5,Heliotrope,heliotrope
Serge Lutens,Daim Blond,6,Cardamon,cardamon
Serge Lutens,Daim Blond,7,Hawthorn,hawthorn
Serge Lutens,Daim Blond,8,Daim,daim
Serge Lutens,Vetiver Oriental,1,Vetiver,vetiver
Serge Lutens,Vetiver Oriental,2,Dark,dark
Serge Lutens,Vetiver Oriental,3,Chocolate,chocolate
Serge Lutens,Vetiver Oriental,4,Amber,amber
Serge Lutens,Vetiver Oriental,5,Oakmoss,oakmoss
Serge Lutens,Vetiver Oriental,6,Guaiac,guaiac
Serge Lutens,Vetiver Oriental,7,Wood,wood
Serge Lutens,Vetiver Oriental,8,iris,iris
Serge Lutens,Vetiver Oriental,9,Sandalwood,sandalwood
Serge Lutens,Vetiver Oriental,10,Labdanum,labdanum
Serge Lutens,Vetiver Oriental,11,Musk,musk
Nasomatto,Fantomas,1,Melon,melon
Nasomatto,Fantomas,2,Plastic,plastic
Nasomatto,Fantomas,3,Rubber,rubber
Nasomatto,Fantomas,4,gunpowder,gunpowder
Nasomatto,Fantomas,5,Smoke,smoke
Nasomatto,Fantomas,6,Sweet,sweet
Nasomatto,Fantomas,7,Notes,notes
Nasomatto,Fantomas,8,Earthy,earthy
Nasomatto,Fantomas,9,Notes,notes
Nasomatto,Fantomas,10,Tropical,tropical
Nasomatto,Fantomas,11,fruit,fruit
Nasomatto,Fantomas,12,Caramel,caramel
Nasomatto,Fantomas,13,Cashmeran,cashmeran
Nasomatto,Fantomas,14,Patchouli,patchouli
Tiziana Terenzi,Porpora,0,Rose,rose
Tiziana Terenzi,Porpora,1,Raspberry,raspberry
Tiziana Terenzi,Porpora,2,Cloves,cloves
Tiziana Terenzi,Porpora,3,Cinnamon,cinnamon
Tiziana Terenzi,Porpora,4,Bulgarian,bulgarian
Tiziana Terenzi,Porpora,5,Rose,rose
Tiziana Terenzi,Porpora,6,Incense,incense
Tiziana Terenzi,Porpora,7,Patchouli,patchouli
Tiziana Terenzi,Porpora,8,Poppy,poppy
Tiziana Terenzi,Porpora,9,Myrrh,myrrh
Tiziana Terenzi,Porpora,10,Musk,musk
Tiziana Terenzi,Porpora,11,Amber,amber
Tiziana Terenzi,Porpora,12,Benzoin,benzoin
Tiziana Terenzi,Porpora,13,Chestnut,chestnut
Etat Libre d'Orange,Remarkable People,0,Grapefruit,grapefruit
Etat Libre d'Orange,Remarkable People,1,Champagne,champagne
Etat Libre d'Orange,Remarkable People,2,Cardamom,cardamom
Etat Libre d'Orange,Remarkable People,3,Curry,curry
Etat Libre d'Orange,Remarkable People,4,Tree,tree
Etat Libre d'Orange,Remarkable People,5,Black,black
Etat Libre d'Orange,Remarkable People,6,Pepper,pepper
Etat Libre d'Orange,Remarkable People,7,Jasmine,jasmine
Etat Libre d'Orange,Remarkable People,8,Sandalwood,sandalwood
Etat Libre d'Orange,Remarkable People,9,Lorenox,lorenox
Etat Libre d'Orange,Remarkable People,10,Labdanum,labdanum
1907,Vanilla Dry,0,Ylang,ylang
1907,Vanilla Dry,1,Ylang,ylang
1907,Vanilla Dry,2,Mandarin,mandarin
1907,Vanilla Dry,3,Orange,orange
1907,Vanilla Dry,4,Orange,orange
1907,Vanilla Dry,5,Tiare,tiare
1907,Vanilla Dry,6,Flower,flower
1907,Vanilla Dry,7,Jasmine,jasmine
1907,Vanilla Dry,8,Lily,lily
1907,Vanilla Dry,9,of,of
1907,Vanilla Dry,10,the,the
1907,Vanilla Dry,11,Valley,valley
1907,Vanilla Dry,12,Vanilla,vanilla
1907,Vanilla Dry,13,Sandalwood,sandalwood
1907,Vanilla Dry,14,White,white
1907,Vanilla Dry,15,Musk,musk
1907,Vanilla Dry,16,Coconut,coconut
Demeter Fragrance,Ocean,1,Sea,sea
Demeter Fragrance,Ocean,2,water,water
Demeter Fragrance,Ocean,3,Salt,salt
Demeter Fragrance,Ocean,4,Sand,sand
Ex Idolo,Love & Crime,0,Blood,blood
Ex Idolo,Love & Crime,1,Mandarin,mandarin
Ex Idolo,Love & Crime,2,Pink,pink
Ex Idolo,Love & Crime,3,Pepper,pepper
Ex Idolo,Love & Crime,4,Sugar,sugar
Ex Idolo,Love & Crime,5,Star,star
Ex Idolo,Love & Crime,6,Anise,anise
Ex Idolo,Love & Crime,7,Floral,floral
Ex Idolo,Love & Crime,8,Notes,notes
Ex Idolo,Love & Crime,9,Vanilla,vanilla
Ex Idolo,Love & Crime,10,Cacao,cacao
Hermès,Un Jardin Sur Le Nil,0,Grapefruit,grapefruit
Hermès,Un Jardin Sur Le Nil,1,Green,green
Hermès,Un Jardin Sur Le Nil,2,Mango,mango
Hermès,Un Jardin Sur Le Nil,3,Tomato,tomato
Hermès,Un Jardin Sur Le Nil,4,Carrot,carrot
Hermès,Un Jardin Sur Le Nil,5,Bulrush,bulrush
Hermès,Un Jardin Sur Le Nil,6,Lotus,lotus
Hermès,Un Jardin Sur Le Nil,7,Orange,orange
Hermès,Un Jardin Sur Le Nil,8,Hiacynth,hiacynth
Hermès,Un Jardin Sur Le Nil,9,Peony,peony
Hermès,Un Jardin Sur Le Nil,10,Musk,musk
Hermès,Un Jardin Sur Le Nil,11,iris,iris
Hermès,Un Jardin Sur Le Nil,12,Incense,incense
Hermès,Un Jardin Sur Le Nil,13,Labdanum,labdanum
Hermès,Un Jardin Sur Le Nil,14,Cinnamon,cinnamon
Tauer Perfumes,02 L'Air du Desert Marocain,0,Coriander,coriander
Tauer Perfumes,02 L'Air du Desert Marocain,1,Petitgrain,petitgrain
Tauer Perfumes,02 L'Air du Desert Marocain,2,Cumin,cumin
Tauer Perfumes,02 L'Air du Desert Marocain,3,Lavender,lavender
Tauer Perfumes,02 L'Air du Desert Marocain,4,Labdanum,labdanum
Tauer Perfumes,02 L'Air du Desert Marocain,5,Jasmine,jasmine
Tauer Perfumes,02 L'Air du Desert Marocain,6,Birch,birch
Tauer Perfumes,02 L'Air du Desert Marocain,7,Geranium,geranium
Tauer Perfumes,02 L'Air du Desert Marocain,8,Amber,amber
Tauer Perfumes,02 L'Air du Desert Marocain,9,Cedar,cedar
Tauer Perfumes,02 L'Air du Desert Marocain,10,Vetiver,vetiver
Tauer Perfumes,02 L'Air du Desert Marocain,11,Patchouli,patchouli
Tauer Perfumes,02 L'Air du Desert Marocain,12,Oakmoss,oakmoss
Frederic Malle,Carnal Flower,1,Tuberose,tuberose
Frederic Malle,Carnal Flower,2,Eucalyptus,eucalyptus
Frederic Malle,Carnal Flower,3,Jasmine,jasmine
Frederic Malle,Carnal Flower,4,Coconut,coconut
Frederic Malle,Carnal Flower,5,Orange,orange
Frederic Malle,Carnal Flower,6,Blossom,blossom
Frederic Malle,Carnal Flower,7,Ylang,ylang
Frederic Malle,Carnal Flower,8,Ylang,ylang
Frederic Malle,Carnal Flower,9,Melon,melon
Frederic Malle,Carnal Flower,10,White,white
Frederic Malle,Carnal Flower,11,Musk,musk
Frederic Malle,Carnal Flower,12,Bergamot,bergamot
Byredo,Gypsy Water,0,Juniper,juniper
Byredo,Gypsy Water,1,Lemon,lemon
Byredo,Gypsy Water,2,Bergamot,bergamot
Byredo,Gypsy Water,3,Pepper,pepper
Byredo,Gypsy Water,4,Pine,pine
Byredo,Gypsy Water,5,needles,needles
Byredo,Gypsy Water,6,Incense,incense
Byredo,Gypsy Water,7,Orris,orris
Byredo,Gypsy Water,8,Root,root
Byredo,Gypsy Water,9,Sandalwood,sandalwood
Byredo,Gypsy Water,10,Vanilla,vanilla
Byredo,Gypsy Water,11,Amber,amber
Escentric Molecules,Molecule 02,1,Ambroxan,ambroxan
Escentric Molecules,Escentric 02,1,Ambroxan,ambroxan
Escentric Molecules,Escentric 02,2,Iso,iso
Escentric Molecules,Escentric 02,3,E,e
Escentric Molecules,Escentric 02,4,Super,super
Escentric Molecules,Escentric 02,5,iris,iris
Escentric Molecules,Escentric 02,6,Jasmine,jasmine
Serge Lutens,Five O'Clock Au Gingembre,0,Tea,tea
Serge Lutens,Five O'Clock Au Gingembre,1,Bergamot,bergamot
Serge Lutens,Five O'Clock Au Gingembre,2,Ginger,ginger
Serge Lutens,Five O'Clock Au Gingembre,3,Cinnamon,cinnamon
Serge Lutens,Five O'Clock Au Gingembre,4,Woodsy,woodsy
Serge Lutens,Five O'Clock Au Gingembre,5,Notes,notes
Serge Lutens,Five O'Clock Au Gingembre,6,Pepper,pepper
Serge Lutens,Five O'Clock Au Gingembre,7,Honey,honey
Serge Lutens,Five O'Clock Au Gingembre,8,Amber,amber
Serge Lutens,Five O'Clock Au Gingembre,9,Cacao,cacao
Serge Lutens,Five O'Clock Au Gingembre,10,Patchouli,patchouli
Chanel,Les Exclusifs de Chanel Sycomore,1,Vetiver,vetiver
Chanel,Les Exclusifs de Chanel Sycomore,2,Tobacco,tobacco
Chanel,Les Exclusifs de Chanel Sycomore,3,Cypress,cypress
Chanel,Les Exclusifs de Chanel Sycomore,4,Juniper,juniper
Chanel,Les Exclusifs de Chanel Sycomore,5,Sandalwood,sandalwood
Chanel,Les Exclusifs de Chanel Sycomore,6,Aldehydes,aldehydes
Chanel,Les Exclusifs de Chanel Sycomore,7,Pink,pink
Chanel,Les Exclusifs de Chanel Sycomore,8,Pepper,pepper
Chanel,Les Exclusifs de Chanel Sycomore,9,Spicy,spicy
Chanel,Les Exclusifs de Chanel Sycomore,10,Notes,notes
Chanel,Les Exclusifs de Chanel Sycomore,11,Violet,violet
Byredo,Pulp,0,Black,black
Byredo,Pulp,1,Currant,currant
Byredo,Pulp,2,Bergamot,bergamot
Byredo,Pulp,3,Cardamon,cardamon
Byredo,Pulp,4,Fig,fig
Byredo,Pulp,5,Red,red
Byredo,Pulp,6,Apple,apple
Byredo,Pulp,7,Tiare,tiare
Byredo,Pulp,8,Flower,flower
Byredo,Pulp,9,Praline,praline
Byredo,Pulp,10,Peach,peach
Byredo,Pulp,11,Blossom,blossom
Byredo,Pulp,12,Cedar,cedar
Montale,Mukhallat,1,Big,big
Montale,Mukhallat,2,Strawberry,strawberry
Montale,Mukhallat,3,Vanilla,vanilla
Montale,Mukhallat,4,Almond,almond
Montale,Mukhallat,5,Peru,peru
Montale,Mukhallat,6,Balsam,balsam
Montale,Mukhallat,7,Musk,musk
Hermès,Un Jardin Apres la Mousson,1,Ginger,ginger
Hermès,Un Jardin Apres la Mousson,2,Ginger,ginger
Hermès,Un Jardin Apres la Mousson,3,flower,flower
Hermès,Un Jardin Apres la Mousson,4,Cardamom,cardamom
Hermès,Un Jardin Apres la Mousson,5,Pepper,pepper
Hermès,Un Jardin Apres la Mousson,6,Coriander,coriander
Hermès,Un Jardin Apres la Mousson,7,Water,water
Hermès,Un Jardin Apres la Mousson,8,Notes,notes
Hermès,Un Jardin Apres la Mousson,9,Citruses,citruses
Hermès,Un Jardin Apres la Mousson,10,Vetiver,vetiver
Hermès,Un Jardin Apres la Mousson,11,Floral,floral
Hermès,Un Jardin Apres la Mousson,12,Notes,notes
Acqua di Parma,Acqua di parma Blue Mediterraneo - Mirto di Panarea,0,Myrtle,myrtle
Acqua di Parma,Acqua di parma Blue Mediterraneo - Mirto di Panarea,1,Lemon,lemon
Acqua di Parma,Acqua di parma Blue Mediterraneo - Mirto di Panarea,2,Bergamot,bergamot
Acqua di Parma,Acqua di parma Blue Mediterraneo - Mirto di Panarea,3,Basil,basil
Acqua di Parma,Acqua di parma Blue Mediterraneo - Mirto di Panarea,4,Sea,sea
Acqua di Parma,Acqua di parma Blue Mediterraneo - Mirto di Panarea,5,Notes,notes
Acqua di Parma,Acqua di parma Blue Mediterraneo - Mirto di Panarea,6,Jasmine,jasmine
Acqua di Parma,Acqua di parma Blue Mediterraneo - Mirto di Panarea,7,Rose,rose
Acqua di Parma,Acqua di parma Blue Mediterraneo - Mirto di Panarea,8,Juniper,juniper
Acqua di Parma,Acqua di parma Blue Mediterraneo - Mirto di Panarea,9,Cedar,cedar
Acqua di Parma,Acqua di parma Blue Mediterraneo - Mirto di Panarea,10,Mastic,mastic
Acqua di Parma,Acqua di parma Blue Mediterraneo - Mirto di Panarea,11,or,or
Acqua di Parma,Acqua di parma Blue Mediterraneo - Mirto di Panarea,12,Lentisque,lentisque
Acqua di Parma,Acqua di parma Blue Mediterraneo - Mirto di Panarea,13,Amber,amber
Escentric Molecules,Molecule 04,1,Sandalwood,sandalwood
Holistick,Champai,1,Champaca,champaca
Holistick,Champai,2,Patchouli,patchouli
Byredo,Bal d'Afrique,0,Amalfi,amalfi
Byredo,Bal d'Afrique,1,Lemon,lemon
Byredo,Bal d'Afrique,2,Tagetes,tagetes
Byredo,Bal d'Afrique,3,Black,black
Byredo,Bal d'Afrique,4,Currant,currant
Byredo,Bal d'Afrique,5,Bergamot,bergamot
Byredo,Bal d'Afrique,6,African,african
Byredo,Bal d'Afrique,7,Orange,orange
Byredo,Bal d'Afrique,8,flower,flower
Byredo,Bal d'Afrique,9,Violet,violet
Byredo,Bal d'Afrique,10,Cyclamen,cyclamen
Byredo,Bal d'Afrique,11,Jasmine,jasmine
Byredo,Bal d'Afrique,12,Vetiver,vetiver
Byredo,Bal d'Afrique,13,Amber,amber
Byredo,Bal d'Afrique,14,Musk,musk
Byredo,Bal d'Afrique,15,Virginia,virginia
Byredo,Bal d'Afrique,16,Cedar,cedar
By Kilian,Back to Black,1,white,white
By Kilian,Back to Black,2,honey,honey
By Kilian,Back to Black,3,Tobacco,tobacco
By Kilian,Back to Black,4,Cherry,cherry
By Kilian,Back to Black,5,Vanilla,vanilla
By Kilian,Back to Black,6,Raspberry,raspberry
By Kilian,Back to Black,7,Almond,almond
By Kilian,Back to Black,8,Gingerbread,gingerbread
By Kilian,Back to Black,9,Amber,amber
By Kilian,Back to Black,10,Tonka,tonka
By Kilian,Back to Black,11,Bean,bean
By Kilian,Back to Black,12,Nutmeg,nutmeg
By Kilian,Back to Black,13,Chamomile,chamomile
By Kilian,Back to Black,14,Benzoin,benzoin
By Kilian,Back to Black,15,Saffron,saffron
By Kilian,Back to Black,16,Cardamom,cardamom
By Kilian,Back to Black,17,Patchouli,patchouli
By Kilian,Back to Black,18,French,french
By Kilian,Back to Black,19,labdanum,labdanum
By Kilian,Back to Black,20,Olibanum,olibanum
By Kilian,Back to Black,21,Oak,oak
By Kilian,Back to Black,22,Virginia,virginia
By Kilian,Back to Black,23,Cedar,cedar
By Kilian,Back to Black,24,Coriander,coriander
By Kilian,Back to Black,25,Geranium,geranium
By Kilian,Back to Black,26,Bergamot,bergamot
Serge Lutens,Feminité du Bois,0,Virginia,virginia
Serge Lutens,Feminité du Bois,1,Cedar,cedar
Serge Lutens,Feminité du Bois,2,Plum,plum
Serge Lutens,Feminité du Bois,3,Cinnamon,cinnamon
Serge Lutens,Feminité du Bois,4,Peach,peach
Serge Lutens,Feminité du Bois,5,Clove,clove
Serge Lutens,Feminité du Bois,6,Ginger,ginger
Serge Lutens,Feminité du Bois,7,Ylang,ylang
Serge Lutens,Feminité du Bois,8,Ylang,ylang
Serge Lutens,Feminité du Bois,9,Violet,violet
Serge Lutens,Feminité du Bois,10,Rose,rose
Serge Lutens,Feminité du Bois,11,African,african
Serge Lutens,Feminité du Bois,12,Orange,orange
Serge Lutens,Feminité du Bois,13,flower,flower
Serge Lutens,Feminité du Bois,14,Sandalwood,sandalwood
Serge Lutens,Feminité du Bois,15,Benzoin,benzoin
Serge Lutens,Feminité du Bois,16,Musk,musk
Serge Lutens,Feminité du Bois,17,Vanilla,vanilla
Serge Lutens,Fille en Aiguilles,1,Pine,pine
Serge Lutens,Fille en Aiguilles,2,Incense,incense
Serge Lutens,Fille en Aiguilles,3,Dried,dried
Serge Lutens,Fille en Aiguilles,4,Fruits,fruits
Serge Lutens,Fille en Aiguilles,5,Balsam,balsam
Serge Lutens,Fille en Aiguilles,6,Fir,fir
Serge Lutens,Fille en Aiguilles,7,Spices,spices
Serge Lutens,Fille en Aiguilles,8,Bay,bay
Serge Lutens,Fille en Aiguilles,9,Leaf,leaf
Serge Lutens,Fille en Aiguilles,10,Vetiver,vetiver
Diptyque,Eau Duelle,1,Bourbon,bourbon
Diptyque,Eau Duelle,2,Vanilla,vanilla
Diptyque,Eau Duelle,3,Elemi,elemi
Diptyque,Eau Duelle,4,resin,resin
Diptyque,Eau Duelle,5,Cardamom,cardamom
Diptyque,Eau Duelle,6,Juniper,juniper
Diptyque,Eau Duelle,7,Olibanum,olibanum
Diptyque,Eau Duelle,8,Pink,pink
Diptyque,Eau Duelle,9,Pepper,pepper
Diptyque,Eau Duelle,10,Black,black
Diptyque,Eau Duelle,11,Tea,tea
Diptyque,Eau Duelle,12,Ambergris,ambergris
Diptyque,Eau Duelle,13,Bergamot,bergamot
Diptyque,Eau Duelle,14,Saffron,saffron
Diptyque,Eau Duelle,15,Musk,musk
Guerlain,Tonka Imperiale,0,Bitter,bitter
Guerlain,Tonka Imperiale,1,Almond,almond
Guerlain,Tonka Imperiale,2,Rosemary,rosemary
Guerlain,Tonka Imperiale,3,Bergamot,bergamot
Guerlain,Tonka Imperiale,4,Tonka,tonka
Guerlain,Tonka Imperiale,5,Bean,bean
Guerlain,Tonka Imperiale,6,Tobacco,tobacco
Guerlain,Tonka Imperiale,7,Jasmine,jasmine
Guerlain,Tonka Imperiale,8,Incense,incense
Guerlain,Tonka Imperiale,9,Cedar,cedar
Guerlain,Tonka Imperiale,10,Pine,pine
Le Labo,Another 13,1,Iso,iso
Le Labo,Another 13,2,E,e
Le Labo,Another 13,3,Super,super
Le Labo,Another 13,4,Ambergris,ambergris
Le Labo,Another 13,5,Musk,musk
Le Labo,Another 13,6,Ambrette,ambrette
Le Labo,Another 13,7,Musk,musk
Le Labo,Another 13,8,Mallow,mallow
Le Labo,Another 13,9,Amyl,amyl
Le Labo,Another 13,10,Salicylate,salicylate
Le Labo,Another 13,11,Pear,pear
Hermès,Voyage d'Hermes,0,Cardamom,cardamom
Hermès,Voyage d'Hermes,1,Amalfi,amalfi
Hermès,Voyage d'Hermes,2,Lemon,lemon
Hermès,Voyage d'Hermes,3,Spices,spices
Hermès,Voyage d'Hermes,4,Tea,tea
Hermès,Voyage d'Hermes,5,Green,green
Hermès,Voyage d'Hermes,6,Notes,notes
Hermès,Voyage d'Hermes,7,Floral,floral
Hermès,Voyage d'Hermes,8,Notes,notes
Hermès,Voyage d'Hermes,9,Woodsy,woodsy
Hermès,Voyage d'Hermes,10,Notes,notes
Hermès,Voyage d'Hermes,11,Musk,musk
Mancera,Cedrat Boise,0,Sicilian,sicilian
Mancera,Cedrat Boise,1,Lemon,lemon
Mancera,Cedrat Boise,2,Black,black
Mancera,Cedrat Boise,3,Currant,currant
Mancera,Cedrat Boise,4,Bergamot,bergamot
Mancera,Cedrat Boise,5,Spicy,spicy
Mancera,Cedrat Boise,6,Notes,notes
Mancera,Cedrat Boise,7,Fruity,fruity
Mancera,Cedrat Boise,8,Notes,notes
Mancera,Cedrat Boise,9,Patchouli,patchouli
Mancera,Cedrat Boise,10,Leaf,leaf
Mancera,Cedrat Boise,11,Water,water
Mancera,Cedrat Boise,12,Jasmine,jasmine
Mancera,Cedrat Boise,13,Cedar,cedar
Mancera,Cedrat Boise,14,Leather,leather
Mancera,Cedrat Boise,15,Sandalwood,sandalwood
Mancera,Cedrat Boise,16,Vanilla,vanilla
Mancera,Cedrat Boise,17,Moss,moss
Mancera,Cedrat Boise,18,White,white
Mancera,Cedrat Boise,19,Musk,musk
Le Labo,Santal 33,1,Sandalwood,sandalwood
Le Labo,Santal 33,2,Papyrus,papyrus
Le Labo,Santal 33,3,Leather,leather
Le Labo,Santal 33,4,Virginia,virginia
Le Labo,Santal 33,5,Cedar,cedar
Le Labo,Santal 33,6,Cardamom,cardamom
Le Labo,Santal 33,7,Violet,violet
Le Labo,Santal 33,8,iris,iris
Le Labo,Santal 33,9,Amber,amber
Tom Ford,Neroli Portofino,0,Bergamot,bergamot
Tom Ford,Neroli Portofino,1,Mandarin,mandarin
Tom Ford,Neroli Portofino,2,Orange,orange
Tom Ford,Neroli Portofino,3,Bitter,bitter
Tom Ford,Neroli Portofino,4,Orange,orange
Tom Ford,Neroli Portofino,5,Lemon,lemon
Tom Ford,Neroli Portofino,6,Lavender,lavender
Tom Ford,Neroli Portofino,7,Rosemary,rosemary
Tom Ford,Neroli Portofino,8,Myrtle,myrtle
Tom Ford,Neroli Portofino,9,African,african
Tom Ford,Neroli Portofino,10,Orange,orange
Tom Ford,Neroli Portofino,11,flower,flower
Tom Ford,Neroli Portofino,12,Neroli,neroli
Tom Ford,Neroli Portofino,13,Jasmine,jasmine
Tom Ford,Neroli Portofino,14,Pitosporum,pitosporum
Tom Ford,Neroli Portofino,15,Amber,amber
Tom Ford,Neroli Portofino,16,Angelica,angelica
Tom Ford,Neroli Portofino,17,Ambrette,ambrette
Tom Ford,Neroli Portofino,18,Musk,musk
Tom Ford,Neroli Portofino,19,Mallow,mallow
Hermès,Un Jardin Sur Le Toit,1,Grass,grass
Hermès,Un Jardin Sur Le Toit,2,Red,red
Hermès,Un Jardin Sur Le Toit,3,Apple,apple
Hermès,Un Jardin Sur Le Toit,4,Rose,rose
Hermès,Un Jardin Sur Le Toit,5,Pear,pear
Hermès,Un Jardin Sur Le Toit,6,Rosemary,rosemary
Hermès,Un Jardin Sur Le Toit,7,Magnolia,magnolia
Creed,Royal Oud,0,Pink,pink
Creed,Royal Oud,1,Pepper,pepper
Creed,Royal Oud,2,Lemon,lemon
Creed,Royal Oud,3,Sicilian,sicilian
Creed,Royal Oud,4,Bergamot,bergamot
Creed,Royal Oud,5,Cedar,cedar
Creed,Royal Oud,6,Angelica,angelica
Creed,Royal Oud,7,Galbanum,galbanum
Creed,Royal Oud,8,Sandalwood,sandalwood
Creed,Royal Oud,9,Agarwood,agarwood
Creed,Royal Oud,10,Oud,oud
Creed,Royal Oud,11,Musk,musk
Ajmal,Hafa,1,Woody,woody
Ajmal,Hafa,2,Notes,notes
Ajmal,Hafa,3,Patchouli,patchouli
Ajmal,Hafa,4,Dark,dark
Ajmal,Hafa,5,Chocolate,chocolate
Ajmal,Hafa,6,Vanilla,vanilla
Ajmal,Hafa,7,Amber,amber
Ajmal,Hafa,8,Bulgarian,bulgarian
Ajmal,Hafa,9,Rose,rose
Ajmal,Hafa,10,Musk,musk
Ajmal,Hafa,11,Jasmine,jasmine
Ajmal,Hafa,12,Ylang,ylang
Ajmal,Hafa,13,Ylang,ylang
Ajmal,Hafa,14,Neroli,neroli
Tiziana Terenzi,Laudano Nero,0,Cognac,cognac
Tiziana Terenzi,Laudano Nero,1,Tobacco,tobacco
Tiziana Terenzi,Laudano Nero,2,Amber,amber
Tiziana Terenzi,Laudano Nero,3,Wormwood,wormwood
Tiziana Terenzi,Laudano Nero,4,Rosemary,rosemary
Tiziana Terenzi,Laudano Nero,5,Myrtle,myrtle
Tiziana Terenzi,Laudano Nero,6,Ash,ash
Tiziana Terenzi,Laudano Nero,7,Black,black
Tiziana Terenzi,Laudano Nero,8,locust,locust
Tiziana Terenzi,Laudano Nero,9,Honey,honey
Tiziana Terenzi,Laudano Nero,10,Cedar,cedar
Tiziana Terenzi,Laudano Nero,11,Slate,slate
Tiziana Terenzi,Laudano Nero,12,Sandalwood,sandalwood
Tiziana Terenzi,Laudano Nero,13,Rosemary,rosemary
Tiziana Terenzi,Laudano Nero,14,iris,iris
Tiziana Terenzi,Laudano Nero,15,Red,red
Tiziana Terenzi,Laudano Nero,16,Rose,rose
Tiziana Terenzi,Laudano Nero,17,Incense,incense
Tiziana Terenzi,Laudano Nero,18,Agarwood,agarwood
Tiziana Terenzi,Laudano Nero,19,Oud,oud
Tiziana Terenzi,Laudano Nero,20,Labdanum,labdanum
Tiziana Terenzi,Laudano Nero,21,Oak,oak
Tiziana Terenzi,Laudano Nero,22,Camphor,camphor
Tiziana Terenzi,Laudano Nero,23,Laurels,laurels
Tiziana Terenzi,Laudano Nero,24,Vanilla,vanilla
Tiziana Terenzi,Laudano Nero,25,Cashmere,cashmere
Tiziana Terenzi,Laudano Nero,26,Musk,musk
Tiziana Terenzi,Laudano Nero,27,Musk,musk
Tiziana Terenzi,Laudano Nero,28,Vetiver,vetiver
Xerjoff,La Capitale,0,Strawberry,strawberry
Xerjoff,La Capitale,1,Caramel,caramel
Xerjoff,La Capitale,2,Peach,peach
Xerjoff,La Capitale,3,Labdanum,labdanum
Xerjoff,La Capitale,4,Saffron,saffron
Xerjoff,La Capitale,5,Leather,leather
Xerjoff,La Capitale,6,Amber,amber
Xerjoff,La Capitale,7,Ginger,ginger
Xerjoff,La Capitale,8,Rose,rose
Xerjoff,La Capitale,9,Bourbon,bourbon
Xerjoff,La Capitale,10,Vanilla,vanilla
Xerjoff,La Capitale,11,Benzoin,benzoin
